{
  "rmse_all_horizon": 77.13478088378906,
  "mae_all_horizon": 37.786170959472656,
  "r2_all_horizon": 0.919141948223114,
  "mape_all_horizon_pct": 30.68152618408203,
  "rmse_per_horizon": [
    45.08727264404297,
    54.97543716430664,
    62.78221130371094,
    67.68112182617188,
    71.63111114501953,
    74.74836730957031,
    76.80868530273438,
    78.32341766357422,
    79.4265365600586,
    79.98295593261719,
    80.13523864746094,
    80.46941375732422,
    81.03375244140625,
    81.109619140625,
    81.97709655761719,
    81.54097747802734,
    81.60186004638672,
    81.53076171875,
    82.21792602539062,
    82.2510757446289,
    82.56822204589844,
    82.52238464355469,
    83.09982299804688,
    83.55974578857422
  ],
  "mae_per_horizon": [
    21.51498794555664,
    26.724430084228516,
    30.844161987304688,
    33.52470016479492,
    35.483375549316406,
    37.02824401855469,
    38.295589447021484,
    38.87013244628906,
    39.4744987487793,
    39.57172393798828,
    39.680885314941406,
    39.77367401123047,
    40.16477966308594,
    40.1392936706543,
    40.45829772949219,
    40.447349548339844,
    40.457576751708984,
    40.222496032714844,
    40.71337890625,
    40.49925231933594,
    40.55010223388672,
    40.45897674560547,
    40.81745529174805,
    41.15251159667969
  ],
  "r2_per_horizon": [
    0.9723470211029053,
    0.9589064121246338,
    0.9464369416236877,
    0.9377806782722473,
    0.9303178787231445,
    0.9241198301315308,
    0.9198737740516663,
    0.9166786670684814,
    0.9143106937408447,
    0.9131052494049072,
    0.912777304649353,
    0.9120538234710693,
    0.9108181595802307,
    0.9106392860412598,
    0.9086962342262268,
    0.9096230268478394,
    0.9094521403312683,
    0.9095910787582397,
    0.90806645154953,
    0.9079985022544861,
    0.907292366027832,
    0.907396137714386,
    0.906089186668396,
    0.9050449132919312
  ],
  "mape_per_horizon_pct": [
    18.6330623626709,
    23.39997100830078,
    26.5665283203125,
    27.9882755279541,
    28.914196014404297,
    30.015165328979492,
    31.153169631958008,
    31.908803939819336,
    31.834537506103516,
    32.557701110839844,
    33.19997787475586,
    33.198455810546875,
    32.522682189941406,
    32.045833587646484,
    32.27293014526367,
    32.69071578979492,
    32.68279266357422,
    31.3638858795166,
    31.828275680541992,
    32.217647552490234,
    31.580671310424805,
    32.05908966064453,
    32.75467300415039,
    32.95136642456055
  ],
  "mape_epsilon": 1.0
}