{
  "rmse_all_horizon": 57.43559265136719,
  "mae_all_horizon": 28.375686645507812,
  "r2_all_horizon": 0.9520689249038696,
  "mape_all_horizon_pct": 22.005229949951172,
  "rmse_per_horizon": [
    35.222503662109375,
    42.186546325683594,
    47.7514762878418,
    52.13152313232422,
    54.82609558105469,
    56.26553726196289,
    58.2679557800293,
    58.90886688232422,
    59.026302337646484,
    59.640533447265625,
    59.7341423034668,
    59.717342376708984,
    60.301780700683594,
    60.3329963684082,
    60.90220260620117,
    60.920814514160156,
    60.69522476196289,
    60.70817184448242,
    60.87297821044922,
    60.59721374511719,
    60.148170471191406,
    60.13454055786133,
    60.20957946777344,
    60.316261291503906
  ],
  "mae_per_horizon": [
    17.29340362548828,
    20.934404373168945,
    23.964576721191406,
    26.192392349243164,
    27.531373977661133,
    28.160999298095703,
    29.235733032226562,
    29.275636672973633,
    29.21929931640625,
    29.633432388305664,
    29.728742599487305,
    29.60757827758789,
    30.170995712280273,
    30.065296173095703,
    30.323062896728516,
    30.28367042541504,
    30.09613800048828,
    29.92023468017578,
    30.242511749267578,
    29.98273468017578,
    29.792869567871094,
    29.723983764648438,
    29.75821304321289,
    29.878894805908203
  ],
  "r2_per_horizon": [
    0.9819614291191101,
    0.974124014377594,
    0.9668527841567993,
    0.9604997634887695,
    0.9563173651695251,
    0.954001784324646,
    0.9506768584251404,
    0.9495870471000671,
    0.9493825435638428,
    0.9483209252357483,
    0.9481582045555115,
    0.9481887221336365,
    0.9471727013587952,
    0.9471216201782227,
    0.9461212158203125,
    0.9460844397544861,
    0.9464742541313171,
    0.9464522004127502,
    0.9461607933044434,
    0.9466512203216553,
    0.9474424719810486,
    0.9474695920944214,
    0.9473389983177185,
    0.9471496343612671
  ],
  "mape_per_horizon_pct": [
    14.443737030029297,
    17.420204162597656,
    19.674646377563477,
    20.909513473510742,
    21.66702651977539,
    21.938520431518555,
    23.203594207763672,
    22.213571548461914,
    22.40519905090332,
    22.828388214111328,
    22.451478958129883,
    22.536827087402344,
    24.189178466796875,
    23.432796478271484,
    23.56808853149414,
    23.95584487915039,
    23.848819732666016,
    22.728830337524414,
    23.10736846923828,
    22.878273010253906,
    22.098804473876953,
    22.009244918823242,
    22.357555389404297,
    22.243741989135742
  ],
  "mape_epsilon": 1.0
}