{
  "rmse_all_horizon": 48.60044479370117,
  "mae_all_horizon": 24.197757720947266,
  "r2_all_horizon": 0.9596124887466431,
  "mape_all_horizon_pct": 18.52165985107422,
  "rmse_per_horizon": [
    32.077110290527344,
    38.28733444213867,
    42.585044860839844,
    45.68260192871094,
    47.16348648071289,
    48.933631896972656,
    49.45256042480469,
    49.786903381347656,
    50.2097282409668,
    50.22233581542969,
    50.02448272705078,
    50.07999038696289,
    50.47490310668945,
    50.614784240722656,
    50.83787155151367,
    50.832794189453125,
    50.41708755493164,
    50.570526123046875,
    50.59860610961914,
    50.42985534667969,
    50.478492736816406,
    50.49320602416992,
    50.44524383544922,
    50.71979904174805
  ],
  "mae_per_horizon": [
    16.168127059936523,
    19.63283348083496,
    21.745990753173828,
    23.22309684753418,
    23.835613250732422,
    24.584123611450195,
    24.869352340698242,
    25.054445266723633,
    25.193124771118164,
    25.13736343383789,
    25.02082633972168,
    24.929752349853516,
    25.100128173828125,
    25.20660972595215,
    25.318559646606445,
    25.327327728271484,
    25.11899757385254,
    25.091880798339844,
    25.21080207824707,
    25.10932731628418,
    24.984575271606445,
    25.00765037536621,
    24.885631561279297,
    24.99000358581543
  ],
  "r2_per_horizon": [
    0.9824020862579346,
    0.974940836429596,
    0.9690122604370117,
    0.9643543362617493,
    0.962009847164154,
    0.9591025114059448,
    0.9582273960113525,
    0.9576586484909058,
    0.9569358229637146,
    0.9569156169891357,
    0.9572575688362122,
    0.9571625590324402,
    0.9564736485481262,
    0.9562047719955444,
    0.9557839632034302,
    0.9557695984840393,
    0.9564803242683411,
    0.9562141299247742,
    0.9561684727668762,
    0.9564627408981323,
    0.9563798904418945,
    0.9563526511192322,
    0.9564324617385864,
    0.9559643268585205
  ],
  "mape_per_horizon_pct": [
    12.792168617248535,
    15.397499084472656,
    16.831348419189453,
    18.00956153869629,
    18.467304229736328,
    18.934616088867188,
    19.003395080566406,
    19.121671676635742,
    19.2830753326416,
    19.008026123046875,
    19.219654083251953,
    18.745277404785156,
    19.391679763793945,
    19.635717391967773,
    19.788423538208008,
    19.683109283447266,
    19.37814712524414,
    18.81947898864746,
    19.185617446899414,
    19.25520896911621,
    18.625076293945312,
    18.545509338378906,
    18.6573543548584,
    18.73552894592285
  ],
  "mape_epsilon": 1.0
}